urlkey	url_key_copy	group_id	count
computer-programming	computer-programming	16967362	205
newtech	newtech	16967362	181
data-visualization	data-visualization	16967362	168
opensource	opensource	16967362	166
big-data	big-data	16967362	139
data-analytics	data-analytics	16967362	139
softwaredev	softwaredev	16967362	132
startup-businesses	business-various	16967362	103
hiking	hiking	16967362	100
web-development	web-development	16967362	94
data-mining	data-mining	16967362	92
technology	technology	16967362	92
webdesign	webdesign	16967362	92
outdoors	outdoors	16967362	91
technology-startups	startups-various	16967362	82
python	python	16967362	80
livemusic	livemusic	16967362	74
javascript	java	16967362	72
data-science	data-science	16967362	68
predictive-analytics	predictive-analytics	16967362	65
cloud-computing	cloud-computing	16967362	60
fitness	fitness	16967362	58
machine-learning	machine-learning	16967362	58
mobile-development	mobile-development	16967362	58
entrepreneurship	entrepreneurship-various	16967362	57
art	arts-various	16967362	56
diningout	diningout	16967362	55
mobile-technology	mobile-technology	16967362	54
travel	travel	16967362	53
intellectual-discussion	intellectual-discussion	16967362	52
html5	html-various	16967362	50
web	web	16967362	49
prodev	prodev	16967362	48
science	science	16967362	47
coffee	coffee	16967362	45
business-strategy	business-various	16967362	43
edtech	edtech	16967362	43
happy-hours	happy-hours	16967362	42
user-experience	user-experience	16967362	42
music	music	16967362	40
movies	movies	16967362	39
bike	bike	16967362	37
creative	creative	16967362	37
functional-programming	functional-programming	16967362	35
walkers	walkers	16967362	34
businessintell	business-various	16967362	33
diy	diy	16967362	33
camping	camping	16967362	32
wine	wine	16967362	32
leadership	leadership	16967362	31
performing-arts	arts-various	16967362	31
big-data-analytics	big-data-analytics	16967362	30
excercise	excercise	16967362	30
fun-times	fun-times	16967362	30
game-night	game-night	16967362	29
ai	ai	16967362	28
linux	linux	16967362	28
meditation	meditation	16967362	28
photo	photo	16967362	28
bookclub	bookclub	16967362	27
dating-and-relationships	dating-and-relationships	16967362	27
foodie	foodie	16967362	27
games	games	16967362	27
graphicdesign	graphicdesign	16967362	27
lean-startup	startups-various	16967362	27
nosql	nosql	16967362	27
programming-languages	programming-languages	16967362	27
r-project-for-statistical-computing	r-project-for-statistical-computing	16967362	27
language	language	16967362	26
wellness	wellness	16967362	26
young-professionals	young-professionals	16967362	26
musicians	musicians	16967362	25
self-improvement	self-improvement	16967362	25
social	social	16967362	25
applied-statistics	statistics-various	16967362	24
cardgame	cardgame	16967362	24
creative-writing	creative-writing	16967362	24
javascript-frameworks	java	16967362	24
adventure	adventure	16967362	23
hadoop	hadoop	16967362	23
witi	witi	16967362	23
cooking-any-and-all-kinds-of-cooking	cooking	16967362	22
css	css	16967362	22
database-development	database-development	16967362	22
gaming	gaming	16967362	22
outdoor-fitness	outdoor-fitness	16967362	22
r-users-group	r-users-group	16967362	22
beer	beer	16967362	21
communication-skills	communication-skills	16967362	21
craftswap	craftswap	16967362	21
boston-artists	arts-various	16967362	20
dance-lessons	dance-various	16967362	20
dancing	dancing	16967362	20
reading	reading	16967362	20
geeks-nerds	geeks-nerds	16967362	19
internet-startups	startups-various	16967362	19
seo-search-engine-optimization	seo-search-engine-optimization	16967362	19
weekend-adventures	weekend-adventures	16967362	19
20s-30s-social	20s-30s-social	16967362	18
board-games	board-games	16967362	18
film	film	16967362	18
healthy-living	healthy-living	16967362	18
java	java	16967362	18
literature	literature	16967362	18
online-marketing	online-marketing	16967362	18
social-dancing	social-dancing	16967362	18
business-entrepreneur-networking	business-various	16967362	17
business-networking	business-various	16967362	17
concerts	concerts	16967362	17
professional-networking	networking	16967362	17
pubs-bars	pubs-bars	16967362	17
science-fiction	science-fiction	16967362	17
sustainability	sustainability	16967362	17
conversation	conversation	16967362	16
innovation	innovation	16967362	16
live-theatre	live-theatre	16967362	16
recipes	recipes	16967362	16
writing	writing	16967362	16
backpacking	backpacking	16967362	15
community-building	community-building	16967362	15
critical-thinking	critical-thinking	16967362	15
environment	environment	16967362	15
international-travel	international-travel	16967362	15
ixd	ixd	16967362	15
outdoor-adventures	outdoor-adventures	16967362	15
philosophy	philosophy	16967362	15
sports	sports	16967362	15
amazon-web-services	amazon-web-services	16967362	14
arduino	arduino	16967362	14
collaboration-between-creative-minds	collaboration-between-creative-minds	16967362	14
cycling	cycling	16967362	14
jquery	jquery	16967362	14
learning	learning	16967362	14
nonprofit	nonprofit	16967362	14
php	php-various	16967362	14
ruby	ruby	16967362	14
scifi	sci-fi	16967362	14
videogame	videogame	16967362	14
young-professional-singles	young-professional-singles	16967362	14
android-developers	android-developers	16967362	13
computer-science	computer-science	16967362	13
eating-drinking-talking-laughing-etc	eating-drinking-talking-laughing-etc	16967362	13
mapreduce	mapreduce	16967362	13
publicspeaking	publicspeaking	16967362	13
ux-design	ui-design	16967362	13
community-service	community-service	16967362	12
culture-exchange	culture-exchange	16967362	12
education	education	16967362	12
film-and-video-production	film-and-video-production	16967362	12
gardening	gardening	16967362	12
hacking	hacking	16967362	12
high-scalability-computing	high-scalability-computing	16967362	12
poetry	poetry	16967362	12
robotics	robotics	16967362	12
salsa	salsa	16967362	12
self-empowerment	self-empowerment	16967362	12
spirituality	spirituality	16967362	12
webstandards	webstandards	16967362	12
digcam	digcam	16967362	11
fiction	fiction	16967362	11
geek	geek	16967362	11
makers	makers	16967362	11
mysql	mysql	16967362	11
psychology	psychology	16967362	11
recreational-sports	recreational-sports	16967362	11
scala	scala	16967362	11
social-media	social-media	16967362	11
atheists	atheists	16967362	10
gis	gis	16967362	10
healthy-eating	healthy-eating	16967362	10
ia	ia	16967362	10
nodejs	nodejs	16967362	10
ruby-on-rails	ruby-on-rails	16967362	10
storytelling	storytelling	16967362	10
trivia	trivia	16967362	10
wholefood	wholefood	16967362	10
art-walks-and-tours	arts-various	16967362	9
clojure	clojure	16967362	9
cms	cms	16967362	9
cooking-dinner-parties	cooking	16967362	9
docfilm	docfilm	16967362	9
electronics	electronics	16967362	9
mathematics	mathematics	16967362	9
non-fiction	non-fiction	16967362	9
social-justice	social-justice	16967362	9
women	women	16967362	9
3d-modeling	3d-modeling	16967362	8
architecture	architecture	16967362	8
aws	aws	16967362	8
consciousness	consciousness	16967362	8
dance-and-movement	dance-various	16967362	8
engineering	engineering	16967362	8
fashion-and-style	fashion-and-style	16967362	8
french	french	16967362	8
getting-organized	getting-organized	16967362	8
handmade-crafts	handmade-crafts	16967362	8
investing	investing	16967362	8
latin-dance	dance-various	16967362	8
mapping	mapping	16967362	8
nature-photography	nature-photography	16967362	8
newintown	newintown	16967362	8
parents	parents	16967362	8
professional-singles	young-professional-singles	16967362	8
skeptics	skeptics	16967362	8
social-entrepreneurship	entrepreneurship-various	16967362	8
test-automation	test-automation	16967362	8
usability	usability	16967362	8
vegan	vegan	16967362	8
agile-project-management	agile-project-management	16967362	7
chinese-culture	chinese-culture	16967362	7
classical	classical	16967362	7
critique-group	critique-group	16967362	7
databasepro	databasepro	16967362	7
dog-walks	dog-walks	16967362	7
drumcircle	drumcircle	16967362	7
esl	esl	16967362	7
freethinker	freethinker	16967362	7
independent-filmmakers	independent-filmmakers	16967362	7
journalism	journalism	16967362	7
knitting	knitting	16967362	7
math	math	16967362	7
movie-nights	movie-nights	16967362	7
museum	museum	16967362	7
nature	nature	16967362	7
painting	painting	16967362	7
productdesign	productdesign	16967362	7
pyladies	pyladies	16967362	7
selenium	selenium	16967362	7
self-exploration	self-exploration	16967362	7
spanish	spanish	16967362	7
spatial-data	spatial-data	16967362	7
statistical-consulting	statistics-various	16967362	7
strategy-games	strategy-games	16967362	7
writing-workshops	writing-workshops	16967362	7
alternativeenergy	alternativeenergy	16967362	6
angularjs	angularjs	16967362	6
animals	animals	16967362	6
astronomy	astronomy	16967362	6
chess	chess	16967362	6
cognitive-science	cognitive-science	16967362	6
couples	couples	16967362	6
craft-beer	craft-beer	16967362	6
cultural-activities	cultural-activities	16967362	6
datamanagement	datamanagement	16967362	6
digital-marketing	digital-marketing	16967362	6
drupal	drupal	16967362	6
esri	esri	16967362	6
html	html-various	16967362	6
humanism	humanism	16967362	6
indiefilm	indiefilm	16967362	6
ios-development	ios-development	16967362	6
jvm-languages	jvm-languages	16967362	6
kayaking	kayaking	16967362	6
latino-culture	latino-culture	16967362	6
natural-language-processing	natural-language-processing	16967362	6
novel-writing	novel-writing	16967362	6
people-helping-people	people-helping-people	16967362	6
php-application-development	php-various	16967362	6
physics	physics	16967362	6
pickupsoccer	pickup-soccer	16967362	6
rockclimbing	rockclimbing	16967362	6
roleplaying-games-rpgs	role-playing-games-rpgs	16967362	6
screenwriters	screenwriters	16967362	6
singles	singles	16967362	6
small-business-marketing-strategy	business-various	16967362	6
software-qa-and-testing	software-qa-and-testing	16967362	6
weightloss	weightloss	16967362	6
yoga	yoga	16967362	6
acoustic-music	acoustic-music	16967362	5
acting	acting	16967362	5
animation	animation	16967362	5
authors	authors	16967362	5
aws-design-implementation-and-servicing	aws-design-implementation-and-servicing	16967362	5
django	django	16967362	5
draw	draw	16967362	5
gamedev	gamedev	16967362	5
gaypros	gaypros	16967362	5
girls-night-out	girls-night-out	16967362	5
indoor-rock-climbing	indoor-rock-climbing	16967362	5
information-technology	information-technology	16967362	5
jazz	jazz	16967362	5
landscape-photography	landscape-photography	16967362	5
lgbtfriends	lgbtfriends	16967362	5
local-activities	local-activities	16967362	5
modeling	modeling	16967362	5
newcareer	newcareer	16967362	5
nutrition	nutrition	16967362	5
offleash	offleash	16967362	5
photography-classes	photography-classes	16967362	5
playgroup	playgroup	16967362	5
quality-assurance	quality-assurance	16967362	5
running	running	16967362	5
soccer	soccer	16967362	5
socialnetwork	networking	16967362	5
space	space	16967362	5
spiritual-growth	spiritual-growth	16967362	5
statistical-computing	statistics-various	16967362	5
trail-running	trail-running	16967362	5
virtualization	virtualization	16967362	5
volunteering	volunteering	16967362	5
web-analytics	web-analytics	16967362	5
wordpress	wordpress	16967362	5
activism	activism	16967362	4
alternative-medicine	alternative-medicine	16967362	4
asianpros	asianpros	16967362	4
ballroomdance	dance-various	16967362	4
beer-lovers	beer-lovers	16967362	4
brunch	brunch	16967362	4
content-strategy	content-strategy	16967362	4
courses-and-workshops	courses-and-workshops	16967362	4
data-journalism	data-journalism	16967362	4
deep-learning	deep-learning	16967362	4
distributed-systems	distributed-systems	16967362	4
dogs	dogs	16967362	4
ec2	ec2	16967362	4
executive-coaching	executive-coaching	16967362	4
farmersmarket	farmersmarket	16967362	4
game-design	game-design	16967362	4
go	go	16967362	4
go-programming-language	go-programming-language	16967362	4
golang	golang	16967362	4
google-analytics	google-analytics	16967362	4
green-living	green-living	16967362	4
guitar	guitar	16967362	4
homeremodel	homeremodel	16967362	4
infographics	infographics	16967362	4
ios	ios	16967362	4
italian	italian	16967362	4
knowledge-sharing	knowledge-sharing	16967362	4
lampsoftware	lampsoftware	16967362	4
lgbt-social-group	lgbt-social-group	16967362	4
local-food	local-food	16967362	4
microcontroller	microcontroller	16967362	4
mongodb	mongodb	16967362	4
motivation	motivation	16967362	4
mountain-biking	mountain-biking	16967362	4
movies-in-movie-theaters	movies-in-movie-theaters	16967362	4
neuroscience	neuroscience	16967362	4
open-data	open-data	16967362	4
open-mic	open-mic	16967362	4
permaculture	permaculture	16967362	4
professional-women	professional-women	16967362	4
projectmgmt	projectmgmt	16967362	4
renewable-energy	renewable-energy	16967362	4
russian	russians	16967362	4
sailing	sailing	16967362	4
scala-programming	scala-programming	16967362	4
singers	singers	16967362	4
software-engineering	software-engineering	16967362	4
song-writing	song-writing	16967362	4
speed-dating	speed-dating	16967362	4
statistical-education	statistics-various	16967362	4
statistics-and-data-analysis	statistics-various	16967362	4
tableau	tableau	16967362	4
travel-photography	travel-photography	16967362	4
venture-capital	venture-capital	16967362	4
weekend-getaways	weekend-getaways	16967362	4
women-programmers	women-programmers	16967362	4
young-entrepreneur	entrepreneurship-various	16967362	4
accent-reduction	accent-reduction	16967362	3
agnostic	agnostic	16967362	3
android	android	16967362	3
billiards	billiards	16967362	3
biotechnology	biotechnology	16967362	3
book-writing	book-writing	16967362	3
bouldering	bouldering	16967362	3
business-analytics	business-various	16967362	3
canoe	canoe	16967362	3
cardmaking	cardmaking	16967362	3
cassandra	cassandra	16967362	3
chinese-language	chinese-language	16967362	3
churchandstate	churchandstate	16967362	3
coed-soccer	coed-soccer	16967362	3
collaboration	collaboration	16967362	3
college-students	college-students	16967362	3
comedy	comedy	16967362	3
community	community	16967362	3
computer-graphics	computer-graphics	16967362	3
conscious-movement	conscious-movement	16967362	3
cooking-classes	cooking	16967362	3
culture	culture	16967362	3
data-analysis	data-analysis	16967362	3
dinner	dinner	16967362	3
dinner-and-a-movie	dinner-and-a-movie	16967362	3
dinner-and-drinks	dinner-and-drinks	16967362	3
dotnet	dotnet	16967362	3
dv	dv	16967362	3
electronic-dance-music	dance-various	16967362	3
entertain	entertainment	16967362	3
esl-practice	esl-practice	16967362	3
evolution	evolution	16967362	3
front-end-development	front-end-development	16967362	3
gay	gay	16967362	3
gay-and-lesbian-friends	gay-and-lesbian-friends	16967362	3
gay-singles	gay-singles	16967362	3
geographic-information-systems-gis	geographic-information-systems-gis	16967362	3
geolocation	geolocation	16967362	3
geology	geology	16967362	3
geospatial	geospatial	16967362	3
green-entrepreneurs	entrepreneurship-various	16967362	3
hanging-out	hanging-out	16967362	3
haskell	haskell	16967362	3
hispanicpros	hispanicpros	16967362	3
independent-game-development	independent-game-development	16967362	3
information-security	information-security	16967362	3
it-professionals	it-professionals	16967362	3
lawofattraction	lawofattraction	16967362	3
libertarian	libertarian	16967362	3
life-sciences	life-sciences	16967362	3
lifetransform	lifetransform	16967362	3
localpolitics	localpolitics	16967362	3
locals-new-in-town	locals-new-in-town	16967362	3
makerspaces	makerspaces	16967362	3
motorcycle-touring	motorcycle-touring	16967362	3
nightlife	nightlife	16967362	3
nude-photography	nude-photography	16967362	3
objective-c	objective-c	16967362	3
organic-foods	organic-foods	16967362	3
outdoor-soccer	outdoor-soccer	16967362	3
pets-animals	pets-animals	16967362	3
php-framework	php-various	16967362	3
portland-or	portland-or	16967362	3
quantified-self	quantified-self	16967362	3
rawfood	rawfood	16967362	3
real-estate-investors	real-estate-investors	16967362	3
ria	ria	16967362	3
road-cycling	road-cycling	16967362	3
role-playing-games-rpgs	role-playing-games-rpgs	16967362	3
russian-culture	russian-culture	16967362	3
saas-software-as-a-service	saas-software-as-a-service	16967362	3
semweb	semweb	16967362	3
sensors	sensors	16967362	3
singles-30s-50s	singles-30s-50s	16967362	3
small-business-owners	business-various	16967362	3
social-media-marketing	social-media-marketing	16967362	3
socratescafe	socratescafe	16967362	3
software-quality	software-quality	16967362	3
sportsfans	sportsfans	16967362	3
sql	sql	16967362	3
support	support	16967362	3
surfing	surfing	16967362	3
tabletop-role-playing-and-board-games	tabletop-role-playing-and-board-games	16967362	3
tennis	tennis	16967362	3
ui-design	ui-design	16967362	3
vegetarian	vegetarian	16967362	3
vintage	vintage	16967362	3
visualization	visualization	16967362	3
webcomm	webcomm	16967362	3
womens-empowerment	womens-empowerment	16967362	3
wordpress-customization	wordpress	16967362	3
3d-artists	arts-various	16967362	2
3d-printing	3d-printing	16967362	2
active-parents	active-parents	16967362	2
activities	activities	16967362	2
africanmusic	africanmusic	16967362	2
algorithmic-trading	algorithmic-trading	16967362	2
all-forms-of-javascript	java	16967362	2
alternative-lifestyles	alternative-lifestyles	16967362	2
android-development-training	android-development-training	16967362	2
angular	angular	16967362	2
animalrights	animalrights	16967362	2
anime	anime	16967362	2
apache-spark	apache-spark	16967362	2
artificial-intelligence-applications	artificial-intelligence-applications	16967362	2
artificial-intelligence-machine-learning-robotics	artificial-intelligence-machine-learning-robotics	16967362	2
aws-programming-and-tools	aws-programming-and-tools	16967362	2
backcountry-skiing	backcountry-skiing	16967362	2
badminton	badminton	16967362	2
basics-of-iphone-app-development	basics-of-iphone-app-development	16967362	2
beach	beach	16967362	2
bicycle-touring	bicycle-touring	16967362	2
bilingual-spanish-english	bilingual-spanish-english	16967362	2
bitcoin	bitcoin	16967362	2
blogs	blogs	16967362	2
bollywood-films	bollywood-films	16967362	2
bouldering-and-rock-climbing	bouldering-and-rock-climbing	16967362	2
bowling	bowling	16967362	2
britcoms	britcoms	16967362	2
buddhist	buddhist	16967362	2
bunco	bunco	16967362	2
burningman	burningman	16967362	2
career-network	networking	16967362	2
charity-events	charity-events	16967362	2
christianmin	christianmin	16967362	2
clubbing	clubbing	16967362	2
coffee-lovers	coffee-lovers	16967362	2
coffee-tea-while-knitting	coffee-tea-while-knitting	16967362	2
cognitive-neuroscience	cognitive-neuroscience	16967362	2
collage	collage	16967362	2
community-gardening	community-gardening	16967362	2
communityorg	communityorg	16967362	2
confidence-and-self-esteem	confidence-and-self-esteem	16967362	2
conservation	conservation	16967362	2
content-development	content-development	16967362	2
content-management	content-management	16967362	2
continuous-deployment	continuous-deployment	16967362	2
continuous-integration	continous-integration	16967362	2
cosplay	cosplay	16967362	2
coursera-org	coursera-org	16967362	2
creative-freelancers	creative-freelancers	16967362	2
crocheting	crocheting	16967362	2
csharp	csharp	16967362	2
css3	css3	16967362	2
cultural-diversity	cultural-diversity	16967362	2
currentevents	currentevents	16967362	2
data	data	16967362	2
data-analysis-and-modeling	data-analysis-and-modeling	16967362	2
dating-over-35	dating-over-35	16967362	2
devops	devops	16967362	2
digital-media	digital-media	16967362	2
dog-play-groups	dog-play-groups	16967362	2
drinking	drinking	16967362	2
drones	drones	16967362	2
ecommerce-technology	ecommerce-technology	16967362	2
economics	economics	16967362	2
ecstatic-dance	dance-various	16967362	2
elasticsearch	elasticsearch	16967362	2
emerging-robotic-technologies	emerging-robotic-technologies	16967362	2
energy-healing	energy-healing	16967362	2
english-language	english-language	16967362	2
espanol	espanol	16967362	2
expat-french-french-speakers	expat-french-french-speakers	16967362	2
expatfrench	expatfrench	16967362	2
exploring-new-restaurants	exploring-new-restaurants	16967362	2
f-programming	f-programming	16967362	2
families	families	16967362	2
filmind	filmind	16967362	2
fine-arts	arts-various	16967362	2
founders	founders	16967362	2
freedom	freedom	16967362	2
french-culture	french-culture	16967362	2
functional-programming-in-python	python	16967362	2
futureofnews	futureofnews	16967362	2
gay-friends	gay-friends	16967362	2
geography	geography	16967362	2
german	german	16967362	2
getting-started-with-python	python	16967362	2
girlfriends	girlfriends	16967362	2
girls-having-fun	girls-having-fun	16967362	2
golfing	golfing	16967362	2
google	google	16967362	2
google-technology-user-group	google-technology-user-group	16967362	2
graph-databases	graph-databases	16967362	2
group-singing	group-singing	16967362	2
hbase	hbase	16967362	2
healthy-kids	healthy-kids	16967362	2
html-xhtml-css-javascript	java	16967362	2
human-sexuality	human-sexuality	16967362	2
illustration	illustration	16967362	2
indian-culture	indian-culture	16967362	2
indianmusic	indianmusic	16967362	2
internetpro	internetpro	16967362	2
intlrel	intlrel	16967362	2
ipad	ipad	16967362	2
iphone	iphone	16967362	2
italian-culture	italian-culture	16967362	2
jam-sessions	jam-sessions	16967362	2
japanese-language	japanese-language	16967362	2
java-virtual-machine	java	16967362	2
javascript-libraries	java	16967362	2
job-search	job-search	16967362	2
karaoke	karaoke	16967362	2
latinmusic	latinmusic	16967362	2
lesbian-social-networking	networking	16967362	2
lgbt-friendly	lgbt-friendly	16967362	2
lgbtq	lgbtq	16967362	2
linux-user-group	linux-user-group	16967362	2
machine-intelligence	machine-intelligence	16967362	2
mandarin-language	mandarin-language	16967362	2
marketing	marketing	16967362	2
medmarijuana	medmarijuana	16967362	2
men	men	16967362	2
mentoring-someone	mentoring-someone	16967362	2
metaphysics	metaphysics	16967362	2
mindfulness-in-nature	mindfulness-in-nature	16967362	2
mobile-marketing	mobile-marketing	16967362	2
moms	moms	16967362	2
motorcycle-riding	motorcycle-riding	16967362	2
mountaineering	mountaineering	16967362	2
multicultural	multicultural	16967362	2
music-production	music-production	16967362	2
music-technology	music-technology	16967362	2
nature-walks	nature-walks	16967362	2
neural-networks	neural-networks	16967362	2
nflfootball	nflfootball	16967362	2
open-source-hardware	open-source-hardware	16967362	2
open-source-python	python	16967362	2
partying	partying	16967362	2
philosophy-ethics-politics-and-religion	philosophy-ethics-politics-and-religion	16967362	2
philosophy-of-mind	philosophy-of-mind	16967362	2
politics	politics	16967362	2
portuguese	portuguese	16967362	2
potluck	potluck	16967362	2
presentations	presentations	16967362	2
proaudio	proaudio	16967362	2
programming	programming	16967362	2
programming-in-r	programming-in-r	16967362	2
python-web-development	python	16967362	2
quantum-physics	quantum-physics	16967362	2
readers	readers	16967362	2
russians	russians	16967362	2
salesforce	salesforce	16967362	2
salsa-dance-lessons	dance-various	16967362	2
scrabble	scrabble	16967362	2
seakayaking	seakayaking	16967362	2
seniors	seniors	16967362	2
smallbiz	smallbiz	16967362	2
smart-sensors	sensors	16967362	2
snowboard	snowboard	16967362	2
space-science	space-science	16967362	2
spark	spark	16967362	2
sportbikes	sportbikes	16967362	2
sqlserver	sqlserver	16967362	2
staying-active-and-fit	staying-active-and-fit	16967362	2
survivalism	survivalism	16967362	2
sustainable-energy	sustainable-energy	16967362	2
taichi	taichi	16967362	2
test-driven-development	test-driven-development	16967362	2
thriftshoppers	thriftshoppers	16967362	2
trading	trading	16967362	2
trans-gender-queer-queer-and-queer-friendly-peeps	trans-gender-queer-queer-and-queer-friendly-peeps	16967362	2
tv	tv	16967362	2
uav	uav	16967362	2
udacity	udacity	16967362	2
urban-gardening	urban-gardening	16967362	2
vegan-potlucks-and-dineouts	vegan-potlucks-and-dineouts	16967362	2
wilderness	wilderness	16967362	2
wine-and-food	wine-and-food	16967362	2
winter-sports	winter-sports	16967362	2
womens-business-networking	business-various	16967362	2
wordpress-plugins	wordpress	16967362	2
wordpress-themes	wordpress	16967362	2
writersblock	writersblock	16967362	2
_type_-theory	_type_-theory	16967362	1
20s-and-30s	20s-and-30s	16967362	1
20s-social	20s-30s-social	16967362	1
2d-animation	2-3-d-animation	16967362	1
3d-animation	2-3-d-animation	16967362	1
4x4-trails	4x4-trails	16967362	1
4x4s	4x4s	16967362	1
academics	academics	16967362	1
accessibility	accessibility	16967362	1
accounting	accounting	16967362	1
acoustic-guitar	acoustic-guitar	16967362	1
activedogs	activedogs	16967362	1
adobe-illustrator	adobe-illustrator	16967362	1
adobe-user-group	adobe-user-group	16967362	1
adrenaline-junkies	adrenaline-junkies	16967362	1
adrenaline-seekers	adrenaline-seekers	16967362	1
adult-amateur-pianists	adult-amateur-pianists	16967362	1
aerial-cinematography	aerial-cinematography	16967362	1
affiliate-marketing	affiliate-marketing	16967362	1
agile-programming-and-python	python	16967362	1
agile-testing	agile-testing	16967362	1
ai-algorithms	ai-algorithms	16967362	1
ajax	ajax	16967362	1
algorithms	algorithms	16967362	1
all-things-mad-men-tv-twitter-real-life	all-things-mad-men-tv-twitter-real-life	16967362	1
allthingsindie	allthingsindie	16967362	1
american-sign-language-classes	american-sign-language-classes	16967362	1
angel-investors	angel-investors	16967362	1
animalrescue	animalrescue	16967362	1
animalwelfare	animalwelfare	16967362	1
anthropology	anthropology	16967362	1
anxiety-support	anxiety-support	16967362	1
apple-mobile-device-application-development	apple-mobile-device-application-development	16967362	1
application-development	application-development	16967362	1
applied-math	applied-math	16967362	1
aquaponics	aquaponics	16967362	1
argentine-tango	argentine-tango	16967362	1
artificial-intelligence-programming	artificial-intelligence-programming	16967362	1
asian-americans	asian-americans	16967362	1
asian-culture	asian-culture	16967362	1
asian-food	asian-food	16967362	1
asl	asl	16967362	1
asl-sign-languages	asl-sign-languages	16967362	1
asp-net	asp-net	16967362	1
asp-net-mvc	asp-net-mvc	16967362	1
asteriskpbx	asteriskpbx	16967362	1
astrobiology	astrobiology	16967362	1
astrophysics	astrophysics	16967362	1
asynchronous-programming	asynchronous-programing	16967362	1
audio	audio	16967362	1
audiophile	audiophile	16967362	1
autism	autism	16967362	1
automated-trading-strategies	automated-trading-strategies	16967362	1
automation	automation	16967362	1
automotive	automotive	16967362	1
b2b-networking	networking	16967362	1
baking	baking	16967362	1
bassethound	bassethound	16967362	1
battlestargalactica	battlestargalactica	16967362	1
bay-area	bay-area	16967362	1
bcs	bcs	16967362	1
bee-keeping	bee-keeping	16967362	1
beer-and-food-pairing	beer-and-food-pairing	16967362	1
beer-making	beer-making	16967362	1
beer-tasting	beer-tasting	16967362	1
beginner-guitar	beginner-guitar	16967362	1
beginner-html-css	html-various	16967362	1
beginner-php-programming	php-various	16967362	1
beginner-piano	beginner-piano	16967362	1
beginner-web-developer	beginner-web-developer	16967362	1
behavioral-science	behavioral-science	16967362	1
bernese	bernese	16967362	1
best-practices-for-high-performance-ecommerce	best-practices-for-high-performance-ecommerce	16967362	1
bhakti-yoga	bhakti-yoga	16967362	1
bidwhist	bidwhist	16967362	1
big-data-hadoop	big-data-hadoop	16967362	1
big-data-in-hi-tech-manufacturing	big-data-in-hi-tech-manufacturing	16967362	1
bike-night	bike-night	16967362	1
bikepacking	bikepacking	16967362	1
bioinformatics	bioinformatics	16967362	1
biology	biology	16967362	1
birdwatching	birdwatching	16967362	1
bisexual-friends	bisexual-friends	16967362	1
bisexual-women	bisexual-women	16967362	1
blender-3d	blender-3d	16967362	1
boating	boating	16967362	1
boxing	boxing	16967362	1
brain	brain	16967362	1
brainstorming-problem-solving	brainstorming-problem-solving	16967362	1
brazil	brazil	16967362	1
brazilian-culture	brazilian-culture	16967362	1
brazilian-portuguese	brazilian-portuguese	16967362	1
brooklyn	brooklyn	16967362	1
bsd	bsd	16967362	1
buffy	buffy	16967362	1
business-intelligence-best-practices	business-various	16967362	1
business-referral-networking	business-various	16967362	1
business-transformation	business-various	16967362	1
businessactivist	business-various	16967362	1
c-c	c-c	16967362	1
cafe-racer	cafe-racer	16967362	1
cakephp	cakephp	16967362	1
cars	cars	16967362	1
cartography	cartography	16967362	1
casual-bicycling	casual-bicycling	16967362	1
category-theory	category-theory	16967362	1
ceramic	ceramic	16967362	1
cfa-exam-preparation	cfa-exam-preparation	16967362	1
cg-artists	cg-artists	16967362	1
charcuterie	charcuterie	16967362	1
charity	charity	16967362	1
cheap-drinks	cheap-drinks	16967362	1
cheese-making	cheese-making	16967362	1
chess-class-for-beginners	chess-class-for-beginners	16967362	1
chess-education	chess-education	16967362	1
chess-event	chess-event	16967362	1
chess-improvement	chess-improvement	16967362	1
chess-meeting-space	chess-meeting-space	16967362	1
chess-tutorials	chess-tutorials	16967362	1
chicago	chicago	16967362	1
childrenrights	childrenrights	16967362	1
cigars	cigars	16967362	1
cinema-and-movies	cinema-and-movies	16967362	1
city-walks	city-walks	16967362	1
civic-engagement-technology	civic-engagement-technology	16967362	1
civic-hacking	civic-hacking	16967362	1
civil-engineering	civil-engineering	16967362	1
classic-motorcycles	classic-motorcycles	16967362	1
classical-piano	classical-piano	16967362	1
clothing-optional-recreation	clothing-optional-recreation	16967362	1
co-ed-adult-sports-league	co-ed-adult-sports-league	16967362	1
co-ed-ultimate-frisbee	co-ed-ultimate-frisbee	16967362	1
cob	cob	16967362	1
cocoa	cocoa	16967362	1
code-for-america	code-for-america	16967362	1
coffee-and-chat	coffee-and-chat	16967362	1
coffee-and-contacts	coffee-and-contacts	16967362	1
coffee-and-jazz-mixer-networking-group	networking	16967362	1
coffee-books	coffee-books	16967362	1
coffee-roasting	coffee-roasting	16967362	1
coffee-shops	coffee-shops	16967362	1
coffeehouse-chess	coffeehouse-chess	16967362	1
cognos	cognos	16967362	1
cognos-tm1	cognos-tm1	16967362	1
comics	comics	16967362	1
computer	computer	16967362	1
computer-programing	computer-programming	16967362	1
computer-vision	computer-vision	16967362	1
configuration-management	configuration-management	16967362	1
conservative-and-libertarian-politics	conservative-and-libertarian-politics	16967362	1
console-gaming	console-gaming	16967362	1
consultant	consultant	16967362	1
content-marketing	content-marketing	16967362	1
continous-integration	continous-integration	16967362	1
conversazione-in-italiano	conversazione-in-italiano	16967362	1
coreos	coreos	16967362	1
corona-sdk	corona-sdk	16967362	1
costume	costume	16967362	1
costumemake	costumemake	16967362	1
cougar-women	cougar-women	16967362	1
cougar-women-events	cougar-women-events	16967362	1
cougars	cougars	16967362	1
cougars-and-cubs	cougars-and-cubs	16967362	1
cpa-exam-study	cpa-exam-study	16967362	1
creativecircle	creativecircle	16967362	1
cribbage	cribbage	16967362	1
cross-country-mountain-biking	cross-country-mountain-biking	16967362	1
cross-dressing	cross-dressing	16967362	1
cross-platform-development	cross-platform-development	16967362	1
crossfit	crossfit	16967362	1
crossfit-training	crossfit-training	16967362	1
crossfitters	crossfitters	16967362	1
crowdsourcing	crowdsourcing	16967362	1
cryptocurrency	cryptocurrency	16967362	1
cryptography	cryptography	16967362	1
css-next	css-next	16967362	1
css4	css4	16967362	1
cuda	cuda	16967362	1
customer-development	customer-development	16967362	1
customer-experience	customer-experience	16967362	1
customer-experience-management	customer-experience-management	16967362	1
d20	d20	16967362	1
d3-js	d3-js	16967362	1
dance	dance-various	16967362	1
dance-fitness	dance-various	16967362	1
dance-music	dance-various	16967362	1
dart-language	dart-language	16967362	1
data-science-using-python	python	16967362	1
data-warehousing	data-warehousing	16967362	1
database-integration-migrations	database-integration-migrations	16967362	1
debates	debates	16967362	1
declutter	declutter	16967362	1
democrat	democrat	16967362	1
denniskucinich	denniskucinich	16967362	1
depression	depression	16967362	1
design-thinking	design-thinking	16967362	1
deutsch	deutsch	16967362	1
diabetes	diabetes	16967362	1
digital-audio-workstations	digital-audio-workstations	16967362	1
digital-currency	digital-currency	16967362	1
digital-journalism	digital-journalism	16967362	1
digital-marketing-strategy	digital-marketing-strategy	16967362	1
digital-publishing	digital-publishing	16967362	1
digitalart	digitalart	16967362	1
dinosaurs	dinosaurs	16967362	1
discovering-new-places	discovering-new-places	16967362	1
distributed-computing	distributed-computing	16967362	1
distributed-programming-in-java	java	16967362	1
diybio	diybio	16967362	1
dj-events	dj-events	16967362	1
djs	djs	16967362	1
dnd	dnd	16967362	1
docker	docker	16967362	1
dog-parks	dog-parks	16967362	1
dogrescue	dogrescue	16967362	1
dogtraining	dogtraining	16967362	1
dreamweaver	dreamweaver	16967362	1
drupal-users	drupal	16967362	1
drwho	drwho	16967362	1
dungeons-dragons-3-5	dungeons-dragons-3-5	16967362	1
dutch-oven-cooking	cooking	16967362	1
e-commerce-business	business-various	16967362	1
e-commerce-internet-marketing	e-commerce-internet-marketing	16967362	1
e-learning-systems	e-learning-systems	16967362	1
earth-building	earth-building	16967362	1
east-coast-transplants	east-coast-transplants	16967362	1
ebizowners	ebizowners	16967362	1
eco-conscious	eco-conscious	16967362	1
ecology	ecology	16967362	1
ecommerce-marketing	ecommerce-marketing	16967362	1
elearning	elearning	16967362	1
electronicmusic	electronicmusic	16967362	1
embedded-linux	embedded-linux	16967362	1
embedded-systems	embedded-systems	16967362	1
embedded-systems-programming	embedded-systems-programming	16967362	1
ember-js	ember-js	16967362	1
energy	energy	16967362	1
energy-efficiency	energy-efficiency	16967362	1
english-pronunciation	english-pronunciation	16967362	1
entertainment	entertainment	16967362	1
entp	entp	16967362	1
entrepreneurship-education	entrepreneurship-various	16967362	1
environmental-awareness	environmental-awareness	16967362	1
environmental-mapping-and-gis	environmental-mapping-and-gis	16967362	1
enviropros	enviropros	16967362	1
epic-boardgames	epic-boardgames	16967362	1
epistemology	epistemology	16967362	1
equestrian	equestrian	16967362	1
equestrian-camping	equestrian-camping	16967362	1
equestrian-trail-riding	equestrian-trail-riding	16967362	1
erlang-programming	erlang-programming	16967362	1
erlang-workshops	erlang-workshops	16967362	1
erp-software	erp-software	16967362	1
esoteric-philosophy	esoteric-philosophy	16967362	1
esperanto	esperanto	16967362	1
ethics	ethics	16967362	1
ethnic-food	ethnic-food	16967362	1
Euro-games	Euro-games	16967362	1
eurofootball	eurofootball	16967362	1
european-culture	european-culture	16967362	1
evernote	evernote	16967362	1
evolution-of-consciousness	evolution-of-consciousness	16967362	1
exam-preparation	exam-preparation	16967362	1
exchangestud	exchangestud	16967362	1
existentialist-philosophy	existentialist-philosophy	16967362	1
expat	expat	16967362	1
expatchinese	expatchinese	16967362	1
expatgerman	expatgerman	16967362	1
expatitalian	expatitalian	16967362	1
expatnewzealander	expatnewzealander	16967362	1
expatrussian	expatrussian	16967362	1
exploring-the-outdoors	exploring-the-outdoors	16967362	1
expressionengine	expressionengine	16967362	1
extreme-sports	extreme-sports	16967362	1
extreme-weather	extreme-weather	16967362	1
fabric-crafts	fabric-crafts	16967362	1
facebook	facebook	16967362	1
facebook-marketing	facebook-marketing	16967362	1
fashion	fashion	16967362	1
fatherhood	fatherhood	16967362	1
fathersrights	fathersrights	16967362	1
film-festivals	film-festivals	16967362	1
finance	finance	16967362	1
financialeng	financialeng	16967362	1
firefly	firefly	16967362	1
fireperformers	fireperformers	16967362	1
fitness-boot-camp	fitness-boot-camp	16967362	1
flash-mobs	flash-mobs	16967362	1
folk	folk	16967362	1
food-and-drink	food-and-drink	16967362	1
food-justice	food-justice	16967362	1
foraging	foraging	16967362	1
force-com	force-com	16967362	1
foreign-films	foreign-films	16967362	1
foreign-language	foreign-language	16967362	1
fossils	fossils	16967362	1
four-hour-workweek	four-hour-workweek	16967362	1
francophone-culture	francophone-culture	16967362	1
freebsd	freebsd	16967362	1
freedom-from-religion	freedom-from-religion	16967362	1
freelance	freelance	16967362	1
french-conversation-workshops	french-conversation-workshops	16967362	1
french-language-friends	french-language-friends	16967362	1
frenchbulldog	frenchbulldog	16967362	1
frugalliving	frugalliving	16967362	1
fsharp	fsharp	16967362	1
fun-and-laughter	fun-and-laughter	16967362	1
fundraising	fundraising	16967362	1
furniture-design	furniture-design	16967362	1
futbol	futbol	16967362	1
future	future	16967362	1
futures-trading	futures-trading	16967362	1
game-monetization	game-monetization	16967362	1
gameprog	gameprog	16967362	1
gamification	gamification	16967362	1
gay-male-social-group	gay-male-social-group	16967362	1
gay-men	gay-men	16967362	1
gay-mens-social-group	gay-mens-social-group	16967362	1
gay-single-men	gay-single-men	16967362	1
gaycouples	gaycouples	16967362	1
gayrights	gayrights	16967362	1
gemstones	gemstones	16967362	1
genetics	genetics	16967362	1
geology-adventures	geology-adventures	16967362	1
german-conversation	german-conversation	16967362	1
german-culture	german-culture	16967362	1
gettingthingsdone	gettingthingsdone	16967362	1
girl-develop-it	girl-develop-it	16967362	1
gluten-intolerant	gluten-intolerant	16967362	1
gluten-sensitive	gluten-sensitive	16967362	1
google-dart	google-dart	16967362	1
google-developer-group	google-developer-group	16967362	1
graph-theory	graph-theory	16967362	1
green	green	16967362	1
green-building	green-building	16967362	1
greenhome	greenhome	16967362	1
gridcomputing	gridcomputing	16967362	1
group-fitness-training	group-fitness-training	16967362	1
gtug	gtug	16967362	1
gui	gui	16967362	1
hair-styling	hair-styling	16967362	1
halo	halo	16967362	1
handcrafted-soaps	handcrafted-soaps	16967362	1
happiness	happiness	16967362	1
healing-with-horses	healing-with-horses	16967362	1
health-wellness-and-image	health-wellness-and-image	16967362	1
healthcare-big-data	healthcare-big-data	16967362	1
hebrew	hebrew	16967362	1
help-for-business-startups	business-various	16967362	1
helping-non-profits	helping-non-profits	16967362	1
high-performance-computing	high-performance-computing	16967362	1
hiking-with-your-dog	hiking	16967362	1
hindi	hindi	16967362	1
hispanicdems	hispanicdems	16967362	1
historic-buildings	historic-buildings	16967362	1
hive	hive	16967362	1
home-brewing	home-brewing	16967362	1
home-office-and-telecommuting-professionals	home-office-and-telecommuting-professionals	16967362	1
homebrew	homebrew	16967362	1
homeschool	homeschool	16967362	1
hondabikes	hondabikes	16967362	1
horse-education	horse-education	16967362	1
horse-enthusiasts	horse-enthusiasts	16967362	1
horse-lovers	horse-lovers	16967362	1
horse-riding	horse-riding	16967362	1
hot-moms	hot-moms	16967362	1
hot-process-soap	hot-process-soap	16967362	1
html-5-css3	html-various	16967362	1
html-and-css	html-various	16967362	1
html-and-css-workshops	html-various	16967362	1
html-next	html-various	16967362	1
html5-animation	html-various	16967362	1
html5-application-development	html-various	16967362	1
html5-game-development	html-various	16967362	1
html5-gaming	html-various	16967362	1
html5-video-codecs	html-various	16967362	1
html6	html-various	16967362	1
hypnosis	hypnosis	16967362	1
hypnosis-and-hypnotherapy	hypnosis-and-hypnotherapy	16967362	1
iaas-infrastructure-as-a-service	iaas-infrastructure-as-a-service	16967362	1
ibd	ibd	16967362	1
ice-hockey	ice-hockey	16967362	1
identity	identity	16967362	1
inddesign	inddesign	16967362	1
independent-consultant	independent-consultant	16967362	1
indie-comics	indie-comics	16967362	1
indoor-soccer	indoor-soccer	16967362	1
industrial-organizational-psychology	industrial-organizational-psychology	16967362	1
interacial-dating	interacial-dating	16967362	1
interior-decorating	interior-decorating	16967362	1
international-cuisine	international-cuisine	16967362	1
international-development	international-development	16967362	1
international-friends	international-friends	16967362	1
internet-ecommerce	internet-ecommerce	16967362	1
intp	intp	16967362	1
iphone-app-marketing	iphone-app-marketing	16967362	1
it-consulting	it-consulting	16967362	1
it-infrastructure	it-infrastructure	16967362	1
japanese-culture	japanese-culture	16967362	1
java-concurrency	java	16967362	1
java-ee	java	16967362	1
java-server-side	java	16967362	1
javascript-animation	java	16967362	1
javascript-best-practices	java	16967362	1
jesus-christ	jesus-christ	16967362	1
jewish	jewish	16967362	1
jewish-singles-and-mingles	jewish-singles-and-mingles	16967362	1
jewish-social	jewish-social	16967362	1
jews-and-booze	jews-and-booze	16967362	1
joss-whedon	joss-whedon	16967362	1
journo	journo	16967362	1
jquery-mobile	jquery-mobile	16967362	1
jquery-ui	jquery-ui	16967362	1
json	json	16967362	1
kickball	kickball	16967362	1
kids	kids	16967362	1
kirtan	kirtan	16967362	1
kiwis-abroad	kiwis-abroad	16967362	1
kiwis-in-portland	kiwis-in-portland	16967362	1
knitting-for-beginners	knitting-for-beginners	16967362	1
korean	korean	16967362	1
korean-culture	korean-culture	16967362	1
kubernetes	kubernetes	16967362	1
labs	labs	16967362	1
lamp-stack	lamp-stack	16967362	1
language-and-culture-exchange	language-and-culture-exchange	16967362	1
language-exchange	language-exchange	16967362	1
language-translations	language-translations	16967362	1
latinamerauth	latinamerauth	16967362	1
latino-a-professionals	latino-a-professionals	16967362	1
league-of-legends	league-of-legends	16967362	1
learn-vim	learn-vim	16967362	1
learning-chinese	learning-chinese	16967362	1
learning-drupal	drupal	16967362	1
learning-erlang-and-otp	learning-erlang-and-otp	16967362	1
learning-tarot	learning-tarot	16967362	1
leisure	leisure	16967362	1
leonardcohen	leonardcohen	16967362	1
Lesbian	Lesbian	16967362	1
lesbian-friends	lesbian-friends	16967362	1
lesscss	lesscss	16967362	1
lets-get-together-and-learn-evernote-together	lets-get-together-and-learn-evernote-together	16967362	1
life-coaching	life-coaching	16967362	1
life-drawing	life-drawing	16967362	1
liferay	liferay	16967362	1
lifestyle-design	lifestyle-design	16967362	1
live-jazz-music	live-jazz-music	16967362	1
live-music-concerts	live-music-concerts	16967362	1
living-on-purpose	living-on-purpose	16967362	1
local-french-language-resources	local-french-language-resources	16967362	1
long-distance-running	long-distance-running	16967362	1
longnow	longnow	16967362	1
looking-for-chess-enthusiasts	looking-for-chess-enthusiasts	16967362	1
lose-weight-and-feel-great	lose-weight-and-feel-great	16967362	1
low-cost-living	low-cost-living	16967362	1
mac	mac	16967362	1
manuf	manuf	16967362	1
maptime	maptime	16967362	1
marionette-js	marionette-js	16967362	1
married-couples	married-couples	16967362	1
martial	martial	16967362	1
massage-education	massage-education	16967362	1
massively-multiplayer-online-role-play-games	massively-multiplayer-online-role-play-games	16967362	1
mathematical-modelling	mathematical-modelling	16967362	1
mathematics-anxiety	mathematics-anxiety	16967362	1
mathematics-tutoring	mathematics-tutoring	16967362	1
medical-cannabis	medical-cannabis	16967362	1
medical-devices	medical-devices	16967362	1
medieval-fantasy	medieval-fantasy	16967362	1
meet-and-practice-asl	meet-and-practice-asl	16967362	1
meet-and-practice-asl-with-others	meet-and-practice-asl-with-others	16967362	1
meet-for-lunches	meet-for-lunches	16967362	1
meetup	meetup	16967362	1
mentalill	mentalill	16967362	1
meteorology	meteorology	16967362	1
micro-brewed-beer	micro-brewed-beer	16967362	1
microfinance	microfinance	16967362	1
microservices	microservices	16967362	1
microsoft-access	microsoft-access	16967362	1
microsoft-excel	microsoft-excel	16967362	1
microstrategy	microstrategy	16967362	1
microstrategy-best-practices	microstrategy-best-practices	16967362	1
microstrategy-dashboards	microstrategy-dashboards	16967362	1
midi-controllers	midi-controllers	16967362	1
midi-production	midi-production	16967362	1
midi-sequencing	midi-sequencing	16967362	1
milfs	milfs	16967362	1
mindfulness-meditation	mindfulness-meditation	16967362	1
mobile-application-development	mobile-application-development	16967362	1
mobile-game-development	mobile-game-development	16967362	1
mobile-html5	html-various	16967362	1
mobile-innvoation-forum	mobile-innvoation-forum	16967362	1
mobile-user-experience	mobile-user-experience	16967362	1
mobile-web	mobile-web	16967362	1
model-photography	model-photography	16967362	1
models	models	16967362	1
moms-with-double-lives	moms-with-double-lives	16967362	1
monetization	monetization	16967362	1
monitoring	monitoring	16967362	1
mothers-over-40	mothers-over-40	16967362	1
motion-graphics	motion-graphics	16967362	1
mountain-bike-skills	mountain-bike-skills	16967362	1
movie-making	movie-making	16967362	1
mozilla	mozilla	16967362	1
mtf-ftm-transgender	mtf-ftm-transgender	16967362	1
multi-rotor-aircraft	multi-rotor-aircraft	16967362	1
music-theory	music-theory	16967362	1
mylittlepony	mylittlepony	16967362	1
mysql-replication	mysql-replication	16967362	1
nanomonthly	nanomonthly	16967362	1
nativeamerican	nativeamerican	16967362	1
natural-health	natural-health	16967362	1
natural-horsemanship	natural-horsemanship	16967362	1
natural-organic-living	natural-organic-living	16967362	1
natural-soap	natural-soap	16967362	1
naturalbuilding	naturalbuilding	16967362	1
needlework	needlework	16967362	1
neighborhood	neighborhood	16967362	1
networking-for-job-seekers	networking	16967362	1
new-dads	new-dads	16967362	1
new-fathers	new-fathers	16967362	1
new-in-town-singles-couples-friends-men-women	new-in-town-singles-couples-friends-men-women	16967362	1
new-parents	new-parents	16967362	1
new-product-development-software-tech	new-product-development-software-tech	16967362	1
newly-divorced	newly-divorced	16967362	1
newmedia	newmedia	16967362	1
newurbanism	newurbanism	16967362	1
ninja-html5-authoring-tool	html-various	16967362	1
nintendo	nintendo	16967362	1
non-profit-organizations	non-profit-organizations	16967362	1
noncustodial	noncustodial	16967362	1
northwest-shiba-inus	northwest-shiba-inus	16967362	1
norwegian	norwegian	16967362	1
novel-reading	novel-reading	16967362	1
nude-glamour-photography	nude-glamour-photography	16967362	1
nvidia	nvidia	16967362	1
nw-shiba-inu-rescue	nw-shiba-inu-rescue	16967362	1
ocaml-programming	ocaml-programming	16967362	1
off-grid-living	off-grid-living	16967362	1
older-women-dating-younger-men	younger-older-dating	16967362	1
older-women-who-date-younger-men	older-women-who-date-younger-men	16967362	1
ona	ona	16967362	1
online-retailers	online-retailers	16967362	1
online-trading	online-trading	16967362	1
online-trading-academy	online-trading-academy	16967362	1
open-government	open-government	16967362	1
open-relationships	open-relationships	16967362	1
opencl	opencl	16967362	1
openerp	openerp	16967362	1
opensim	opensim	16967362	1
openstack	openstack	16967362	1
operations-research	operations-research	16967362	1
options-trading	options-trading	16967362	1
oracle	oracle	16967362	1
oregons-portuguese-and-learning-meetup	oregons-portuguese-and-learning-meetup	16967362	1
organic-farming	organic-farming	16967362	1
organic-gardening	organic-gardening	16967362	1
orv	orv	16967362	1
over-50	over-50	16967362	1
p90x	p90x	16967362	1
paddling	paddling	16967362	1
paleontology	paleontology	16967362	1
paper-crafts	paper-crafts	16967362	1
paranormal	paranormal	16967362	1
paranormal-investigations	paranormal-investigations	16967362	1
paranormal-research	paranormal-research	16967362	1
parental-alienation	parental-alienation	16967362	1
pathfinder-roleplaying-game	pathfinder-roleplaying-game	16967362	1
pay-per-click	pay-per-click	16967362	1
peace	peace	16967362	1
permaculture-gardens	permaculture-gardens	16967362	1
personal-robots	personal-robots	16967362	1
pet-cats-and-kittens	pet-cats-and-kittens	16967362	1
philanthropy	philanthropy	16967362	1
philosophy-of-mathematics	philosophy-of-mathematics	16967362	1
philosophy-of-science	philosophy-of-science	16967362	1
philosophynow	philosophy	16967362	1
photoshop	photoshop	16967362	1
php-html5-nginx-mongodb-linux	html-various	16967362	1
php-study-group	php-various	16967362	1
php5	php-various	16967362	1
piano	piano	16967362	1
piano-performances	piano-performances	16967362	1
pick-up-basketball	pick-up-basketball	16967362	1
pickup-soccer	pickup-soccer	16967362	1
pirates	pirates	16967362	1
plant-based-nutrition	plant-based-nutrition	16967362	1
play-framework	play-framework	16967362	1
playdates-for-horses	playdates-for-horses	16967362	1
playing-chess	playing-chess	16967362	1
playstation	playstation	16967362	1
poetic-readings	poetic-readings	16967362	1
poker	poker	16967362	1
political-activism	political-activism	16967362	1
poly-community	poly-community	16967362	1
poly-curious	poly-curious	16967362	1
polyamorous	polyamorous	16967362	1
polyamory	polyamory	16967362	1
polyamory-friendly	polyamory-friendly	16967362	1
pool	pool	16967362	1
portland-creative-community	portland-creative-community	16967362	1
portland-shiba-group	portland-shiba-group	16967362	1
positive-thinking	positive-thinking	16967362	1
post-college-life	post-college-life	16967362	1
postgresql	postgresql	16967362	1
postmodern	postmodern	16967362	1
pranayama	pranayama	16967362	1
problem-solving	problem-solving	16967362	1
product-management	product-management	16967362	1
product-marketing	product-marketing	16967362	1
productivity	productivity	16967362	1
proengineer	proengineer	16967362	1
programming-with-html-css-php-mysql	html-various	16967362	1
pug	pug	16967362	1
qa-professionals	qa-professionals	16967362	1
qlikview	qlikview	16967362	1
quantitative-finance	quantitative-finance	16967362	1
quants	quants	16967362	1
queer-bi-gay-lesbian-trans	queer-bi-gay-lesbian-trans	16967362	1
queer-socializing	queer-socializing	16967362	1
r-programming-language	r-programming-language	16967362	1
rafting	rafting	16967362	1
raspberry-pi	raspberry-pi	16967362	1
rationality-and-reasoning	rationality-and-reasoning	16967362	1
raw-potlucks	raw-potlucks	16967362	1
real-estate-investing	real-estate-investing	16967362	1
real-estate-investment-education	real-estate-investment-education	16967362	1
real-madrid-c-f	real-madrid-c-f	16967362	1
reddit	reddit	16967362	1
redis	redis	16967362	1
redsox	redsox	16967362	1
republican	republican	16967362	1
republicans	republican	16967362	1
restful	restful	16967362	1
rockcollecting	rockcollecting	16967362	1
rocks-and-minerals	rocks-and-minerals	16967362	1
romania	romanian	16967362	1
romanian	romanian	16967362	1
romanian-culture	romanian-culture	16967362	1
romanian-friends	romanian-friends	16967362	1
romanian-meetups	romanian-meetups	16967362	1
ron-paul	ron-paul	16967362	1
ruby-on-rails-3	ruby-on-rails	16967362	1
russian-floridians	russian-floridians	16967362	1
russian-language-classes	russian-language-classes	16967362	1
russkie	russkie	16967362	1
rust	rust	16967362	1
sacred-feminine	sacred-feminine	16967362	1
salesforce-com-and-force-com	salesforce-com-and-force-com	16967362	1
salesforce-com-developers	salesforce-com-developers	16967362	1
salesforce-com-integration	salesforce-com-integration	16967362	1
salesforce-implementation	salesforce-implementation	16967362	1
san-francisco	san-francisco	16967362	1
sass-scss-compass-and-less-what	sass-scss-compass-and-less-what	16967362	1
scala-akka	scala-akka	16967362	1
scala-play-framework	scala-play-framework	16967362	1
scavenger-hunts	scavenger-hunts	16967362	1
scholastics-chess	scholastics-chess	16967362	1
sci-fi	sci-fi	16967362	1
sci-fi-reading	sci-fi-reading	16967362	1
science-fiction-fantasy-books	science-fiction-fantasy-books	16967362	1
science-of-mind	science-of-mind	16967362	1
science-technology-engineering-math	science-technology-engineering-math	16967362	1
scifiwriting	scifiwriting	16967362	1
sealliance	sealliance	16967362	1
search-engine-marketing	search-engine-marketing	16967362	1
seasonal-foods-and-cooking	cooking	16967362	1
seattle-young-professionals-in-tech	seattle-young-professionals-in-tech	16967362	1
secondlife	secondlife	16967362	1
self-sufficiency	self-sufficiency	16967362	1
serversidejs	serversidejs	16967362	1
severe-weather	severe-weather	16967362	1
sewing	sewing	16967362	1
sexual-education	sexual-education	16967362	1
sexy-cougars	sexy-cougars	16967362	1
shibainu	shibainu	16967362	1
shopping	shopping	16967362	1
short-films	short-films	16967362	1
sign-language	sign-language	16967362	1
signing-together	signing-together	16967362	1
single-parent-support-group	single-parent-support-group	16967362	1
single-parties	single-parties	16967362	1
singles-20s-30s	singles-20s-30s	16967362	1
singles-who-love-horses	singles-who-love-horses	16967362	1
skateboarding	skateboarding	16967362	1
skiing	skiing	16967362	1
slow-food	slow-food	16967362	1
small-and-compact-living	small-and-compact-living	16967362	1
small-business-networking	business-various	16967362	1
small-house-design	small-house-design	16967362	1
small-house-living	small-house-living	16967362	1
smart-grid	smart-grid	16967362	1
snowshoeing	snowshoeing	16967362	1
soap	soap	16967362	1
soap-making	soap-making	16967362	1
social-activism	social-activism	16967362	1
social-chess-club	social-chess-club	16967362	1
social-chess-evening	social-chess-evening	16967362	1
social-game-developers	social-game-developers	16967362	1
social-good	social-good	16967362	1
social-issues	social-issues	16967362	1
social-media-for-business	business-various	16967362	1
social-networking-through-book-reading	social-networking-through-book-reading	16967362	1
software-systems-quality-attributes	software-systems-quality-attributes	16967362	1
software-testing	software-testing	16967362	1
solar-energy	solar-energy	16967362	1
solo-piano	solo-piano	16967362	1
spiritual-awakening	spiritual-awakening	16967362	1
spoken-word	spoken-word	16967362	1
spreadsheets	spreadsheets	16967362	1
square-foot-gardening	square-foot-gardening	16967362	1
stand-up-paddle-boarding	stand-up-paddle-boarding	16967362	1
standup	standup	16967362	1
stanford-artificial-intelligence-course-cs-221	stanford-artificial-intelligence-course-cs-221	16967362	1
stanford-machine-learning-course-cs-229	stanford-machine-learning-course-cs-229	16967362	1
stargazing	stargazing	16967362	1
startrek	startrek	16967362	1
startup-incubation-and-entrepreneurship-mentors	startups-various	16967362	1
startup-weekend	startups-various	16967362	1
starwars	starwars	16967362	1
steppers	steppers	16967362	1
stock-market-trading-through-proven-strategies	stock-market-trading-through-proven-strategies	16967362	1
stock-trading	stock-trading	16967362	1
storm-chasing	storm-chasing	16967362	1
story-games	story-games	16967362	1
strength-conditioning	strength-conditioning	16967362	1
stress-relief	stress-relief	16967362	1
stroller-fitness	stroller-fitness	16967362	1
study-group	study-group	16967362	1
superhero	superhero	16967362	1
support-group-for-new-dads	support-group-for-new-dads	16967362	1
sustainable-agriculture	sustainable-agriculture	16967362	1
sustainable-development	sustainable-development	16967362	1
sustainable-farming	sustainable-farming	16967362	1
sustainable-food-systems	sustainable-food-systems	16967362	1
swedish-language	swedish-language	16967362	1
swingdancing	swingdancing	16967362	1
sword-fighting	sword-fighting	16967362	1
symfony2	symfony2	16967362	1
sysadmin	sysadmin	16967362	1
table-tennis	table-tennis	16967362	1
tableau-software	tableau-software	16967362	1
tabletop-games	tabletop-games	16967362	1
taekwondo	taekwondo	16967362	1
tai-chi-for-health-longevity	tai-chi-for-health-longevity	16967362	1
tampa-bay-entrepreneur	entrepreneurship-various	16967362	1
tango	tango	16967362	1
tarot	tarot	16967362	1
tarot-card-reading	tarot-card-reading	16967362	1
tarot-class	tarot-class	16967362	1
tarot-development	tarot-development	16967362	1
tarot-practice	tarot-practice	16967362	1
tarot-readers	tarot-readers	16967362	1
tea	tea	16967362	1
technology-professionals	technology-professionals	16967362	1
telecommuters	telecommuters	16967362	1
text-analytics	text-analytics	16967362	1
the-4-hour-workweek	the-4-hour-workweek	16967362	1
theater	theater	16967362	1
therapeutic-riding-horses-horseback-riding	therapeutic-riding-horses-horseback-riding	16967362	1
thrill-seekers	thrill-seekers	16967362	1
thunderstorms	thunderstorms	16967362	1
time-management-personal-productivity	time-management-personal-productivity	16967362	1
time-series-analysis	time-series-analysis	16967362	1
tiny-homes	tiny-homes	16967362	1
tiny-house	tiny-houses	16967362	1
tiny-houses	tiny-houses	16967362	1
tokyo	tokyo	16967362	1
toriamos	toriamos	16967362	1
tornado-chasing	tornado-chasing	16967362	1
trail-riding	trail-riding	16967362	1
trailblazers	trailblazers	16967362	1
transformation	transformation	16967362	1
transgender	transgender	16967362	1
transgender-men-and-women	transgender-men-and-women	16967362	1
transsexuals	transsexuals	16967362	1
typography	typography	16967362	1
ultimate-frisbee-pickup	ultimate-frisbee-pickup	16967362	1
ultimatefrisbee	ultimatefrisbee	16967362	1
underground-dinners	underground-dinners	16967362	1
underscore-js	underscore-js	16967362	1
unmanned-vehicles	unmanned-vehicles	16967362	1
urban-bicycling	urban-bicycling	16967362	1
user-experience-design	user-experience-design	16967362	1
user-interface-design	user-interface-design	16967362	1
user-research	user-research	16967362	1
vampires	vampires	16967362	1
vb	vb	16967362	1
vedic-mathematics	vedic-mathematics	16967362	1
vegan-education	vegan-education	16967362	1
vets	vets	16967362	1
vi	vi	16967362	1
vim	vim	16967362	1
vim-plugins	vim-plugins	16967362	1
vimrc	vimrc	16967362	1
vintmotos	vintmotos	16967362	1
virtual-world	virtual-world	16967362	1
visual-basic-for-applications-vba	visual-basic-for-applications-vba	16967362	1
visual-communication	visual-communication	16967362	1
visual-effects-cg-animation	visual-effects-cg-animation	16967362	1
vmware	vmware	16967362	1
vocal-workshops	vocal-workshops	16967362	1
voice-over-networking	voice-over-networking	16967362	1
voice-overs	voice-overs	16967362	1
volleyball	volleyball	16967362	1
wahm	wahm	16967362	1
walking-for-health	walking-for-health	16967362	1
walking-for-health-and-weight-loss	walking-for-health-and-weight-loss	16967362	1
wamp-windows-mysql-apachie-php	php-various	16967362	1
wargames	wargames	16967362	1
washington-dc	washington-dc	16967362	1
water-sports	water-sports	16967362	1
wbasketball	wbasketball	16967362	1
weather	weather	16967362	1
web-application	web-application	16967362	1
web-application-development	web-application-development	16967362	1
web-operations	web-operations	16967362	1
web-performance	web-performance	16967362	1
web-writing	web-writing	16967362	1
webcomics	webcomics	16967362	1
webmasters	webmasters	16967362	1
website-design	website-design	16967362	1
weddings	weddings	16967362	1
weight-loss-support	weight-loss-support	16967362	1
wifi	wifi	16967362	1
wild-foods	wild-foods	16967362	1
wilderness-hiking	hiking	16967362	1
wine-and-food-pairing	wine-and-food-pairing	16967362	1
wine-tasting	wine-tasting	16967362	1
wireless-sensor-networks	wireless-sensor-networks	16967362	1
women-equestrian	women-equestrian	16967362	1
women-small-business-owners	business-various	16967362	1
womens-book-club	womens-book-club	16967362	1
womens-mountain-biking	womens-mountain-biking	16967362	1
womens-networking	networking	16967362	1
womens-sexuality	womens-sexuality	16967362	1
woodwork	woodwork	16967362	1
wordpress-for-business	wordpress	16967362	1
wordpress-help	wordpress	16967362	1
wordpress-small-business-web-sites	wordpress	16967362	1
wordpress-users	wordpress	16967362	1
workathome	workathome	16967362	1
working-parents	working-parents	16967362	1
world-languages	world-languages	16967362	1
writing-for-blogs	writing-for-blogs	16967362	1
xbox-360	xbox-360	16967362	1
xc-mountain-biking	mountain-biking	16967362	1
xml	xml	16967362	1
young-adult-writers	young-adult-writers	16967362	1
young-adults	young-adults	16967362	1
young-couples	young-couples	16967362	1
younger-men-dating-older-women	younger-older-dating	16967362	1
youngrepublicans	youngrepublicans	16967362	1
